{"cameraMode":{"drawMode":0,"name":"Shaded","section":"Shading Mode"},"sceneLighting":false,"audioPlay":false,"sceneViewState":{"showFog":false,"showMaterialUpdate":false,"showSkybox":false,"showFlares":false,"showImageEffects":false,"showParticleSystems":false},"in2DMode":false,"pivot":{"x":10.20443344116211,"y":-16.56500244140625,"z":40.656715393066409},"rotation":{"x":-0.014306053519248963,"y":0.9852532148361206,"z":-0.13863924145698548,"w":-0.10063453018665314},"size":22.0,"orthographic":false}