{"cameraMode":{"drawMode":0,"name":"Shaded","section":"Shading Mode"},"sceneLighting":false,"audioPlay":false,"sceneViewState":{"showFog":false,"showMaterialUpdate":false,"showSkybox":false,"showFlares":false,"showImageEffects":false,"showParticleSystems":false},"in2DMode":false,"pivot":{"x":-0.008730503730475903,"y":0.9311305284500122,"z":-0.8041518330574036},"rotation":{"x":0.09615003317594528,"y":0.020887594670057298,"z":-0.0019693460781127216,"w":0.9952353239059448},"size":3.2668333053588869,"orthographic":false}