{"cameraMode":{"drawMode":0,"name":"Shaded","section":"Shading Mode"},"sceneLighting":true,"audioPlay":false,"sceneViewState":{"showFog":false,"showMaterialUpdate":false,"showSkybox":false,"showFlares":false,"showImageEffects":false,"showParticleSystems":false},"in2DMode":false,"pivot":{"x":-14.695542335510254,"y":3.034292221069336,"z":-13.438613891601563},"rotation":{"x":-0.011617574840784073,"y":0.9891617894172669,"z":-0.10450077801942826,"w":-0.1050073578953743},"size":16.07325553894043,"orthographic":false}